target_index,method,selected_peak_nm,mean_peak_shift_nm,missing_peak_count,false_peak_count,phase_residual_at_selected_peak_rad,d_H_nm,d_L_nm,N,L_c_nm,yield_rate
46328,Baseline,3178.17822265625,33.63359375,0,0,0.6060729025209277,317.0393981933594,827.5549926757812,9,3290.314208984375,0.05
46328,Teacher,3178.17822265625,34.034033203125,0,1,1.1043425789378383,315.0483703613281,830.015869140625,9,3410.8046875,0.0
46328,Hybrid,3178.17822265625,3.203173828125,0,0,0.24728439754543455,305.4714050292969,878.6615600585938,9,3353.010986328125,0.65
