{
  "target_indices": [
    9282,
    10142,
    11738,
    12620,
    20823,
    22254,
    29774,
    29958,
    30639,
    35587,
    37910,
    41308,
    45390,
    45790,
    61214,
    65291,
    66458,
    68880,
    86277,
    94464
  ],
  "num_targets": 20,
  "methods": [
    "random"
  ],
  "random_samples": 24,
  "de_maxiter": 20,
  "de_popsize": 8,
  "min_peak_count": null,
  "strategy_ids": null,
  "bounds": [
    [
      100.0,
      1000.0
    ],
    [
      100.0,
      1500.0
    ],
    [
      2.0,
      9.0
    ],
    [
      500.0,
      5000.0
    ]
  ],
  "aggregate": {
    "random": {
      "num_targets": 20,
      "calls_mean": 24.0,
      "mse_mean": 0.014991418125731803,
      "mse_median": 0.009841999215186104,
      "mse_p90": 0.031879040955165264,
      "nominal_valid_targets": 0,
      "nominal_valid_rate": 0.0,
      "mse_lt_0p01": 10,
      "mse_lt_0p005": 7
    }
  },
  "summaries": [
    {
      "method": "random",
      "target_index": 9282,
      "calls": 24,
      "elapsed_seconds": 5.936042308807373,
      "d_H": 260.63229323809855,
      "d_L": 853.9476961639547,
      "N": 7,
      "L_c": 4324.745859767758,
      "mse": 0.0012832880244373342,
      "mae": 0.01115018261410512,
      "max_abs_error": 0.20010454952716827,
      "correlation": 0.8591472593385561,
      "spectral_overlap": 0.8716155468085861,
      "target_peak_count": 2,
      "pred_peak_count": 3,
      "missing_peak_count": 1,
      "false_peak_count": 2,
      "mean_peak_shift": 16.01611328125,
      "mean_peak_transmission_error": 0.15837472677230835,
      "mean_fwhm_error": 36.47327265221155,
      "mean_q_error": 83.96733514909235,
      "optimizer_best_mse": 0.0012832880020141602,
      "success": null,
      "message": ""
    },
    {
      "method": "random",
      "target_index": 10142,
      "calls": 24,
      "elapsed_seconds": 5.6148600578308105,
      "d_H": 126.39624303513538,
      "d_L": 1180.355480536964,
      "N": 6,
      "L_c": 3512.3514841415163,
      "mse": 0.008602737556030554,
      "mae": 0.044482400055445646,
      "max_abs_error": 0.30184049904346466,
      "correlation": 0.7623504096331531,
      "spectral_overlap": 0.8219696455887826,
      "target_peak_count": 6,
      "pred_peak_count": 3,
      "missing_peak_count": 5,
      "false_peak_count": 2,
      "mean_peak_shift": 2.001953125,
      "mean_peak_transmission_error": 0.17456361651420593,
      "mean_fwhm_error": 29.873715146301873,
      "mean_q_error": 112.09607010690887,
      "optimizer_best_mse": 0.008602737449109554,
      "success": null,
      "message": ""
    },
    {
      "method": "random",
      "target_index": 11738,
      "calls": 24,
      "elapsed_seconds": 5.930073022842407,
      "d_H": 808.9580589984853,
      "d_L": 1072.6193188753919,
      "N": 4,
      "L_c": 1635.8272814461016,
      "mse": 0.06086525577117628,
      "mae": 0.15274742081167564,
      "max_abs_error": 0.7702886536717415,
      "correlation": 0.518376271922163,
      "spectral_overlap": 0.6921802591616643,
      "target_peak_count": 4,
      "pred_peak_count": 6,
      "missing_peak_count": 2,
      "false_peak_count": 4,
      "mean_peak_shift": 22.0220947265625,
      "mean_peak_transmission_error": 0.3809061124920845,
      "mean_fwhm_error": 84.76532979382084,
      "mean_q_error": 148.0578358496773,
      "optimizer_best_mse": 0.06086525693535805,
      "success": null,
      "message": ""
    },
    {
      "method": "random",
      "target_index": 12620,
      "calls": 24,
      "elapsed_seconds": 5.045799016952515,
      "d_H": 213.98908229317453,
      "d_L": 945.6566863265576,
      "N": 4,
      "L_c": 3807.312039820968,
      "mse": 0.0041117307084127044,
      "mae": 0.01835326123275632,
      "max_abs_error": 0.34983466551057063,
      "correlation": 0.18616094276261883,
      "spectral_overlap": 0.23601798168098953,
      "target_peak_count": 1,
      "pred_peak_count": 1,
      "missing_peak_count": 1,
      "false_peak_count": 1,
      "mean_peak_shift": NaN,
      "mean_peak_transmission_error": NaN,
      "mean_fwhm_error": NaN,
      "mean_q_error": NaN,
      "optimizer_best_mse": 0.004111730493605137,
      "success": null,
      "message": ""
    },
    {
      "method": "random",
      "target_index": 20823,
      "calls": 24,
      "elapsed_seconds": 6.088928937911987,
      "d_H": 256.8536689396781,
      "d_L": 859.2247065526111,
      "N": 6,
      "L_c": 521.2994323567158,
      "mse": 0.001094741561979403,
      "mae": 0.010357222373568903,
      "max_abs_error": 0.20451867952942848,
      "correlation": 0.8377942974465018,
      "spectral_overlap": 0.8531763642883078,
      "target_peak_count": 2,
      "pred_peak_count": 2,
      "missing_peak_count": 1,
      "false_peak_count": 1,
      "mean_peak_shift": 22.02197265625,
      "mean_peak_transmission_error": 0.015220195055007935,
      "mean_fwhm_error": 10.28997456044771,
      "mean_q_error": 8.607417470445363,
      "optimizer_best_mse": 0.0010947416303679347,
      "success": null,
      "message": ""
    },
    {
      "method": "random",
      "target_index": 22254,
      "calls": 24,
      "elapsed_seconds": 5.3116960525512695,
      "d_H": 200.49464598862397,
      "d_L": 764.7681483021126,
      "N": 5,
      "L_c": 1162.119198143978,
      "mse": 0.00022370083544066832,
      "mae": 0.0037337572633716425,
      "max_abs_error": 0.10493556773474211,
      "correlation": -0.04799507699953749,
      "spectral_overlap": 0.0054470685649367955,
      "target_peak_count": 1,
      "pred_peak_count": 0,
      "missing_peak_count": 1,
      "false_peak_count": 0,
      "mean_peak_shift": NaN,
      "mean_peak_transmission_error": NaN,
      "mean_fwhm_error": NaN,
      "mean_q_error": NaN,
      "optimizer_best_mse": 0.00022370081569533795,
      "success": null,
      "message": ""
    },
    {
      "method": "random",
      "target_index": 29774,
      "calls": 24,
      "elapsed_seconds": 5.533240079879761,
      "d_H": 220.6937246636429,
      "d_L": 585.1731355818449,
      "N": 4,
      "L_c": 2645.047043910656,
      "mse": 0.011081260874341654,
      "mae": 0.0462965603280303,
      "max_abs_error": 0.42877229122268545,
      "correlation": -0.0949818890034985,
      "spectral_overlap": 0.0382064134869237,
      "target_peak_count": 2,
      "pred_peak_count": 0,
      "missing_peak_count": 2,
      "false_peak_count": 0,
      "mean_peak_shift": NaN,
      "mean_peak_transmission_error": NaN,
      "mean_fwhm_error": NaN,
      "mean_q_error": NaN,
      "optimizer_best_mse": 0.011081261560320854,
      "success": null,
      "message": ""
    },
    {
      "method": "random",
      "target_index": 29958,
      "calls": 24,
      "elapsed_seconds": 5.633742094039917,
      "d_H": 240.9833982393898,
      "d_L": 580.7878195735933,
      "N": 3,
      "L_c": 3427.2143200782466,
      "mse": 0.021253200221128803,
      "mae": 0.060379100631710446,
      "max_abs_error": 0.7479035087162629,
      "correlation": 0.28245236177757566,
      "spectral_overlap": 0.3766597062340353,
      "target_peak_count": 3,
      "pred_peak_count": 1,
      "missing_peak_count": 3,
      "false_peak_count": 1,
      "mean_peak_shift": NaN,
      "mean_peak_transmission_error": NaN,
      "mean_fwhm_error": NaN,
      "mean_q_error": NaN,
      "optimizer_best_mse": 0.021253202110528946,
      "success": null,
      "message": ""
    },
    {
      "method": "random",
      "target_index": 30639,
      "calls": 24,
      "elapsed_seconds": 5.4525909423828125,
      "d_H": 337.13017181953694,
      "d_L": 275.34596069415903,
      "N": 2,
      "L_c": 559.559509772982,
      "mse": 0.031781586150557206,
      "mae": 0.08404173482593842,
      "max_abs_error": 0.559276893734932,
      "correlation": 0.3089674142823775,
      "spectral_overlap": 0.43212995871973153,
      "target_peak_count": 2,
      "pred_peak_count": 1,
      "missing_peak_count": 2,
      "false_peak_count": 1,