{
  "target_indices": [
    9282,
    10142,
    11738,
    12620,
    20823,
    22254,
    29774,
    29958,
    30639,
    35587
  ],
  "num_targets": 10,
  "methods": [
    "de"
  ],
  "objective": "physics_score",
  "missing_peak_penalty": 0.01,
  "false_peak_penalty": 0.005,
  "peak_shift_penalty": 0.005,
  "success_mse_threshold": 0.01,
  "success_peak_shift_threshold": 20.0,
  "success_missing_peak_threshold": 0,
  "success_false_peak_threshold": 0,
  "evaluation_protocol": {
    "peak_height": 0.05,
    "peak_prominence": 0.02,
    "peak_match_distance_nm": 50.0,
    "nominal_mse_threshold": 0.01,
    "nominal_peak_shift_threshold_nm": 20.0,
    "nominal_missing_peak_threshold": 0,
    "nominal_false_peak_threshold": 0,
    "robust_yield_threshold": 0.5,
    "high_robust_yield_threshold": 0.8
  },
  "random_samples": 200,
  "de_maxiter": 4,
  "de_popsize": 4,
  "min_peak_count": null,
  "strategy_ids": null,
  "bounds": [
    [
      100.0,
      1000.0
    ],
    [
      100.0,
      1500.0
    ],
    [
      2.0,
      9.0
    ],
    [
      500.0,
      5000.0
    ]
  ],
  "aggregate": {
    "de": {
      "num_targets": 10,
      "calls_mean": 81.0,
      "objective": "physics_score",
      "objective_score_mean": 0.02063289407812594,
      "objective_score_median": 0.0166249978096144,
      "objective_score_p90": 0.03510538241681853,
      "mse_mean": 0.0051809390000009375,
      "mse_median": 0.0023516356138007,
      "mse_p90": 0.012213982270334154,
      "nominal_valid_targets": 0,
      "nominal_valid_rate": 0.0,
      "mse_lt_0p01": 8,
      "mse_lt_0p005": 6
    }
  },
  "summaries": [
    {
      "method": "de",
      "target_index": 9282,
      "calls": 81,
      "elapsed_seconds": 20.666943073272705,
      "d_H": 209.06820394398136,
      "d_L": 910.1496357682878,
      "N": 8,
      "L_c": 2701.052764457454,
      "mse": 0.0007141386759409997,
      "mae": 0.007061274452448288,
      "max_abs_error": 0.21467960253357887,
      "correlation": 0.7531699515042292,
      "spectral_overlap": 0.7701949678072654,
      "target_peak_count": 2,
      "pred_peak_count": 1,
      "missing_peak_count": 1,
      "false_peak_count": 0,
      "mean_peak_shift": 26.02587890625,
      "mean_peak_transmission_error": 0.04760371893644333,
      "mean_fwhm_error": 17.839647718231898,
      "mean_q_error": 46.651672114478615,
      "nominal_valid": false,
      "objective": "physics_score",
      "objective_score": 0.013316726566566,
      "optimizer_best_score": 0.013316726566566,
      "success": false,
      "message": "Maximum number of iterations has been exceeded."
    },
    {
      "method": "de",
      "target_index": 10142,
      "calls": 81,
      "elapsed_seconds": 20.08594512939453,
      "d_H": 155.97006150676572,
      "d_L": 1144.815332340805,
      "N": 9,
      "L_c": 2366.971945465078,
      "mse": 0.002642384468288767,
      "mae": 0.023533815516287356,
      "max_abs_error": 0.23079196363687515,
      "correlation": 0.8899424911128064,
      "spectral_overlap": 0.9187277164790999,
      "target_peak_count": 6,
      "pred_peak_count": 5,
      "missing_peak_count": 1,
      "false_peak_count": 0,
      "mean_peak_shift": 16.016064453125,
      "mean_peak_transmission_error": 0.04627608358860016,
      "mean_fwhm_error": 43.64741628951019,
      "mean_q_error": 39.1917690103754,
      "nominal_valid": false,
      "objective": "physics_score",
      "objective_score": 0.014243990913601267,
      "optimizer_best_score": 0.014243990913601267,
      "success": false,
      "message": "Maximum number of iterations has been exceeded."
    },
    {
      "method": "de",
      "target_index": 11738,
      "calls": 81,
      "elapsed_seconds": 17.61896300315857,
      "d_H": 413.21731632617013,
      "d_L": 453.4833774376658,
      "N": 3,
      "L_c": 3808.146746750507,
      "mse": 0.015549324233071623,
      "mae": 0.07193303417503558,
      "max_abs_error": 0.5718012191355228,
      "correlation": 0.8917021232918927,
      "spectral_overlap": 0.9259667450776515,
      "target_peak_count": 4,
      "pred_peak_count": 5,
      "missing_peak_count": 2,
      "false_peak_count": 3,
      "mean_peak_shift": 40.0400390625,
      "mean_peak_transmission_error": 0.08971366286277771,
      "mean_fwhm_error": 186.05761957829688,
      "mean_q_error": 57.84776760441578,
      "nominal_valid": false,
      "objective": "physics_score",
      "objective_score": 0.05455332813932162,
      "optimizer_best_score": 0.05455332813932162,
      "success": false,
      "message": "Maximum number of iterations has been exceeded."
    },
    {
      "method": "de",
      "target_index": 12620,
      "calls": 81,
      "elapsed_seconds": 18.241140842437744,
      "d_H": 222.51976895200283,
      "d_L": 811.3066299561419,
      "N": 4,
      "L_c": 4895.783406982857,
      "mse": 0.0005884985083536628,
      "mae": 0.0050250417993655625,
      "max_abs_error": 0.17400355797144584,
      "correlation": 0.3549599703107597,
      "spectral_overlap": 0.3881035163294076,
      "target_peak_count": 1,
      "pred_peak_count": 0,
      "missing_peak_count": 1,
      "false_peak_count": 0,
      "mean_peak_shift": NaN,
      "mean_peak_transmission_error": NaN,
      "mean_fwhm_error": NaN,
      "mean_q_error": NaN,
      "nominal_valid": false,
      "objective": "physics_score",
      "objective_score": 0.015588498508353664,
      "optimizer_best_score": 0.015588498508353664,
      "success": false,
      "message": "Maximum number of iterations has been exceeded."
    },
    {
      "method": "de",
      "target_index": 20823,
      "calls": 81,
      "elapsed_seconds": 17.390926122665405,
      "d_H": 160.09958005917082,
      "d_L": 993.6805907693634,
      "N": 4,
      "L_c": 4689.865357271319,
      "mse": 0.0007002561340314127,
      "mae": 0.007111775237905842,
      "max_abs_error": 0.19247008487582207,
      "correlation": 0.8989081864968462,
      "spectral_overlap": 0.907891235500703,
      "target_peak_count": 2,
      "pred_peak_count": 2,
      "missing_peak_count": 0,
      "false_peak_count": 0,
      "mean_peak_shift": 24.0240478515625,
      "mean_peak_transmission_error": 0.08427802845835686,
      "mean_fwhm_error": 10.601185237977457,
      "mean_q_error": 30.72222558572229,
      "nominal_valid": false,
      "objective": "physics_score",
      "objective_score": 0.0031026609191876628,
      "optimizer_best_score": 0.0031026609191876628,
      "success": false,
      "message": "Maximum number of iterations has been exceeded."
    },
    {
      "method": "de",
      "target_index": 22254,
      "calls": 81,
      "elapsed_seconds": 17.82656693458557,
      "d_H": 136.6712321028994,
      "d_L": 1000.235492107396,
      "N": 5,
      "L_c": 604.0760552627044,
      "mse": 0.0004989698130419742,
      "mae": 0.004878797640072923,
      "max_abs_error": 0.1544267050921917,
      "correlation": 0.7334050704824812,
      "spectral_overlap": 0.7483140856087865,
      "target_peak_count": 1,
      "pred_peak_count": 1,
      "missing_peak_count": 0,
      "false_peak_count": 0,
      "mean_peak_shift": 32.031982421875,
      "mean_peak_transmission_error": 0.08511169254779816,
      "mean_fwhm_error": 8.691848362318431,
      "mean_q_error": 14.295537407340625,
      "nominal_valid": false,
      "objective": "physics_score",
      "objective_score": 0.0037021680552294742,
      "optimizer_best_score": 0.0037021680552294742,
      "success": false,
      "message": "Maximum number of iterations has been exceeded."
    },
    {
      "method": "de",
      "target_index": 29774,
      "calls": 81,
      "elapsed_seconds": 16.705142736434937,
      "d_H": 165.0034779416328,
      "d_L": 1102.6881990891868,
      "N": 4,
      "L_c": 3179.62924956201,
      "mse": 0.0020608867593126324,
      "mae": 0.021119741098479267,
      "max_abs_error": 0.28066678196591965,
      "correlation": 0.934845246876305,