{
  "target_indices": [
    9282,
    11738,
    29774,
    29958,
    66458,
    68880,
    86277
  ],
  "num_targets": 7,
  "methods": [
    "de"
  ],
  "objective": "physics_score",
  "missing_peak_penalty": 0.01,
  "false_peak_penalty": 0.005,
  "peak_shift_penalty": 0.005,
  "success_mse_threshold": 0.01,
  "success_peak_shift_threshold": 20.0,
  "success_missing_peak_threshold": 0,
  "success_false_peak_threshold": 0,
  "random_samples": 200,
  "de_maxiter": 8,
  "de_popsize": 5,
  "min_peak_count": 1,
  "strategy_ids": [
    1,
    2
  ],
  "bounds": [
    [
      100.0,
      1000.0
    ],
    [
      100.0,
      1500.0
    ],
    [
      2.0,
      9.0
    ],
    [
      500.0,
      5000.0
    ]
  ],
  "aggregate": {
    "de": {
      "num_targets": 7,
      "calls_mean": 216.0,
      "objective": "physics_score",
      "objective_score_mean": 0.02063149619308873,
      "objective_score_median": 0.01456438816646801,
      "objective_score_p90": 0.039321155688518086,
      "mse_mean": 0.010167688878170576,
      "mse_median": 0.004819873713303635,
      "mse_p90": 0.02362610360518475,
      "nominal_valid_targets": 1,
      "nominal_valid_rate": 0.14285714285714285,
      "mse_lt_0p01": 4,
      "mse_lt_0p005": 4
    }
  },
  "summaries": [
    {
      "method": "de",
      "target_index": 9282,
      "calls": 221,
      "elapsed_seconds": 63.921563148498535,
      "d_H": 327.627932799454,
      "d_L": 547.1667732626751,
      "N": 8,
      "L_c": 3295.1849581008146,
      "mse": 0.0006139904976772617,
      "mae": 0.006384646032464521,
      "max_abs_error": 0.16438491642475128,
      "correlation": 0.9816932482631344,
      "spectral_overlap": 0.9830276020511662,
      "target_peak_count": 2,
      "pred_peak_count": 2,
      "missing_peak_count": 0,
      "false_peak_count": 0,
      "mean_peak_shift": 8.0079345703125,
      "mean_peak_transmission_error": 0.07663102447986603,
      "mean_fwhm_error": 4.530137578736182,
      "mean_q_error": 27.14264548480233,
      "nominal_valid": true,
      "objective": "physics_score",
      "objective_score": 0.0014147839547085117,
      "optimizer_best_score": 0.0014147839547085117,
      "success": false,
      "message": "Maximum number of iterations has been exceeded."
    },
    {
      "method": "de",
      "target_index": 11738,
      "calls": 216,
      "elapsed_seconds": 51.79888892173767,
      "d_H": 426.87033912425346,
      "d_L": 283.1641354999218,
      "N": 8,
      "L_c": 1582.2061135939293,
      "mse": 0.02501311983023489,
      "mae": 0.0867109601383849,
      "max_abs_error": 0.5735038433907906,
      "correlation": 0.8310180686206576,
      "spectral_overlap": 0.8751674519906172,
      "target_peak_count": 4,
      "pred_peak_count": 5,
      "missing_peak_count": 1,
      "false_peak_count": 2,
      "mean_peak_shift": 9.342610677083334,
      "mean_peak_transmission_error": 0.21694121758143106,
      "mean_fwhm_error": 79.05528206042409,
      "mean_q_error": 41.74460265814495,
      "nominal_valid": false,
      "objective": "physics_score",
      "objective_score": 0.04594738089794322,
      "optimizer_best_score": 0.04594738089794322,
      "success": false,
      "message": "Maximum number of iterations has been exceeded."
    },
    {
      "method": "de",
      "target_index": 29774,
      "calls": 196,
      "elapsed_seconds": 45.63412618637085,
      "d_H": 204.94395107996536,
      "d_L": 1049.2605217998782,
      "N": 2,
      "L_c": 4863.803570498075,
      "mse": 0.00441658291898904,
      "mae": 0.02998160981660476,
      "max_abs_error": 0.3474879488348961,
      "correlation": 0.8543449929978792,
      "spectral_overlap": 0.884973622178328,
      "target_peak_count": 2,
      "pred_peak_count": 2,
      "missing_peak_count": 0,
      "false_peak_count": 0,
      "mean_peak_shift": 34.0340576171875,
      "mean_peak_transmission_error": 0.05737188458442688,
      "mean_fwhm_error": 7.96498865079189,
      "mean_q_error": 23.510367916446544,
      "nominal_valid": false,
      "objective": "physics_score",
      "objective_score": 0.00781998868070779,
      "optimizer_best_score": 0.00781998868070779,
      "success": false,
      "message": "Maximum number of iterations has been exceeded."
    },
    {
      "method": "de",
      "target_index": 29958,
      "calls": 211,
      "elapsed_seconds": 48.86076903343201,
      "d_H": 266.6403760907604,
      "d_L": 390.1896250141903,
      "N": 6,
      "L_c": 2230.941678864747,
      "mse": 0.010245661601828203,
      "mae": 0.03971107241598093,
      "max_abs_error": 0.4117031544446945,
      "correlation": 0.7831196078021246,
      "spectral_overlap": 0.8083568494639035,
      "target_peak_count": 3,
      "pred_peak_count": 1,
      "missing_peak_count": 2,
      "false_peak_count": 0,
      "mean_peak_shift": 14.01416015625,
      "mean_peak_transmission_error": 0.10130459070205688,
      "mean_fwhm_error": 52.60469383916303,
      "mean_q_error": 47.64010122951813,
      "nominal_valid": false,
      "objective": "physics_score",
      "objective_score": 0.0316470776174532,
      "optimizer_best_score": 0.0316470776174532,
      "success": false,
      "message": "Maximum number of iterations has been exceeded."
    },
    {
      "method": "de",
      "target_index": 66458,
      "calls": 251,
      "elapsed_seconds": 56.44067668914795,
      "d_H": 151.2794422816971,
      "d_L": 596.9534372618385,
      "N": 5,
      "L_c": 2821.06751587707,
      "mse": 0.022701426121817983,
      "mae": 0.0706104792094139,
      "max_abs_error": 0.7317637503147125,
      "correlation": 0.7597994512320329,
      "spectral_overlap": 0.80763695050191,
      "target_peak_count": 1,
      "pred_peak_count": 3,
      "missing_peak_count": 0,
      "false_peak_count": 2,
      "mean_peak_shift": 22.0224609375,
      "mean_peak_transmission_error": 0.026016056537628174,
      "mean_fwhm_error": 59.152224668769016,
      "mean_q_error": 59.57277313392867,
      "nominal_valid": false,
      "objective": "physics_score",
      "objective_score": 0.034903672215567984,
      "optimizer_best_score": 0.034903672215567984,
      "success": false,
      "message": "Maximum number of iterations has been exceeded."
    },
    {
      "method": "de",
      "target_index": 68880,
      "calls": 226,
      "elapsed_seconds": 51.11126923561096,
      "d_H": 157.95956972485456,
      "d_L": 950.5439526748219,
      "N": 3,
      "L_c": 3433.388305921859,
      "mse": 0.004819873713303635,
      "mae": 0.025051699058876692,
      "max_abs_error": 0.38885305635631084,
      "correlation": 0.6055006051971172,
      "spectral_overlap": 0.6568924881427901,
      "target_peak_count": 2,
      "pred_peak_count": 2,
      "missing_peak_count": 0,
      "false_peak_count": 0,
      "mean_peak_shift": 33.0330810546875,
      "mean_peak_transmission_error": 0.2783336117863655,
      "mean_fwhm_error": 11.583589572808487,
      "mean_q_error": 72.7479647136873,
      "nominal_valid": false,
      "objective": "physics_score",
      "objective_score": 0.008123181818772385,
      "optimizer_best_score": 0.008123181818772385,
      "success": false,
      "message": "Maximum number of iterations has been exceeded."
    },
    {
      "method": "de",
      "target_index": 86277,
      "calls": 191,
      "elapsed_seconds": 43.840062856674194,
      "d_H": 240.546345416813,
      "d_L": 857.4891265591585,
      "N": 4,
      "L_c": 4874.489762737212,
      "mse": 0.00336316746334301,
      "mae": 0.023646927380536774,
      "max_abs_error": 0.2655438891039239,
      "correlation": 0.8156933390217445,
      "spectral_overlap": 0.8280652892439111,
      "target_peak_count": 2,
      "pred_peak_count": 1,
      "missing_peak_count": 1,
      "false_peak_count": 0,
      "mean_peak_shift": 12.01220703125,
      "mean_peak_transmission_error": 0.1594579517841339,
      "mean_fwhm_error": 19.67446354326397,
      "mean_q_error": 14.485697003567573,