{
  "target_indices": [
    9282,
    10142,
    11738,
    12620,
    20823,
    22254,
    29774,
    29958,
    30639,
    35587,
    37910,
    41308,
    45390,
    45790,
    61214,
    65291,
    66458,
    68880,
    86277,
    94464
  ],
  "num_targets": 20,
  "methods": [
    "random"
  ],
  "random_samples": 240,
  "de_maxiter": 20,
  "de_popsize": 8,
  "min_peak_count": null,
  "strategy_ids": null,
  "bounds": [
    [
      100.0,
      1000.0
    ],
    [
      100.0,
      1500.0
    ],
    [
      2.0,
      9.0
    ],
    [
      500.0,
      5000.0
    ]
  ],
  "aggregate": {
    "random": {
      "num_targets": 20,
      "calls_mean": 240.0,
      "mse_mean": 0.0052701110298826554,
      "mse_median": 0.0031745534674405447,
      "mse_p90": 0.017931495720466522,
      "nominal_valid_targets": 1,
      "nominal_valid_rate": 0.05,
      "mse_lt_0p01": 17,
      "mse_lt_0p005": 16
    }
  },
  "summaries": [
    {
      "method": "random",
      "target_index": 9282,
      "calls": 240,
      "elapsed_seconds": 56.93386435508728,
      "d_H": 319.764646081053,
      "d_L": 552.0452265763819,
      "N": 7,
      "L_c": 1992.8257454049674,
      "mse": 0.0003685885858821208,
      "mae": 0.005199818958743263,
      "max_abs_error": 0.12004036527650896,
      "correlation": 0.8468283245982682,
      "spectral_overlap": 0.8549663362272566,
      "target_peak_count": 2,
      "pred_peak_count": 1,
      "missing_peak_count": 1,
      "false_peak_count": 0,
      "mean_peak_shift": 4.00390625,
      "mean_peak_transmission_error": 0.050833672285079956,
      "mean_fwhm_error": 7.7929692607273715,
      "mean_q_error": 26.091262418525602,
      "optimizer_best_mse": 0.00036858857492916286,
      "success": null,
      "message": ""
    },
    {
      "method": "random",
      "target_index": 10142,
      "calls": 240,
      "elapsed_seconds": 55.882806062698364,
      "d_H": 165.5312840939705,
      "d_L": 1139.0520859013204,
      "N": 8,
      "L_c": 1120.077271037096,
      "mse": 0.002949652837767571,
      "mae": 0.025316163849667554,
      "max_abs_error": 0.2161627784371376,
      "correlation": 0.9047871047766204,
      "spectral_overlap": 0.9302875520008078,
      "target_peak_count": 6,
      "pred_peak_count": 3,
      "missing_peak_count": 4,
      "false_peak_count": 1,
      "mean_peak_shift": 8.008056640625,
      "mean_peak_transmission_error": 0.03862801194190979,
      "mean_fwhm_error": 13.173462073738607,
      "mean_q_error": 35.98413758950346,
      "optimizer_best_mse": 0.0029496527276933193,
      "success": null,
      "message": ""
    },
    {
      "method": "random",
      "target_index": 11738,
      "calls": 240,
      "elapsed_seconds": 57.232845067977905,
      "d_H": 108.64274976587635,
      "d_L": 1213.8481773850901,
      "N": 5,
      "L_c": 1086.2876630496219,
      "mse": 0.020519026449565415,
      "mae": 0.0762718054846414,
      "max_abs_error": 0.573494158837093,
      "correlation": 0.8913254051281326,
      "spectral_overlap": 0.92274703883575,
      "target_peak_count": 4,
      "pred_peak_count": 3,
      "missing_peak_count": 2,
      "false_peak_count": 1,
      "mean_peak_shift": 32.031982421875,
      "mean_peak_transmission_error": 0.17214712500572205,
      "mean_fwhm_error": 31.336378869952352,
      "mean_q_error": 34.51094876279602,
      "optimizer_best_mse": 0.02051902562379837,
      "success": null,
      "message": ""
    },
    {
      "method": "random",
      "target_index": 12620,
      "calls": 240,
      "elapsed_seconds": 56.35367798805237,
      "d_H": 235.34734945635606,
      "d_L": 808.7620228384028,
      "N": 5,
      "L_c": 3913.587956278352,
      "mse": 0.0005761444984451605,
      "mae": 0.005056760939973149,
      "max_abs_error": 0.16759564448148012,
      "correlation": 0.3410643562691415,
      "spectral_overlap": 0.3622042648799057,
      "target_peak_count": 1,
      "pred_peak_count": 0,
      "missing_peak_count": 1,
      "false_peak_count": 0,
      "mean_peak_shift": NaN,
      "mean_peak_transmission_error": NaN,
      "mean_fwhm_error": NaN,
      "mean_q_error": NaN,
      "optimizer_best_mse": 0.0005761444917879999,
      "success": null,
      "message": ""
    },
    {
      "method": "random",
      "target_index": 20823,
      "calls": 240,
      "elapsed_seconds": 57.19715189933777,
      "d_H": 133.5263391663688,
      "d_L": 1030.840304311185,
      "N": 8,
      "L_c": 4665.306837228084,
      "mse": 0.0010838042201062284,
      "mae": 0.010168378144260217,
      "max_abs_error": 0.1471920982003212,
      "correlation": 0.954168282547932,
      "spectral_overlap": 0.9589216678881107,
      "target_peak_count": 2,
      "pred_peak_count": 2,
      "missing_peak_count": 0,
      "false_peak_count": 0,
      "mean_peak_shift": 13.012939453125,
      "mean_peak_transmission_error": 0.11741064488887787,
      "mean_fwhm_error": 11.486097945658134,
      "mean_q_error": 15.46309547350327,
      "optimizer_best_mse": 0.0010838042944669724,
      "success": null,
      "message": ""
    },
    {
      "method": "random",
      "target_index": 22254,
      "calls": 240,
      "elapsed_seconds": 57.32728672027588,
      "d_H": 273.343649442839,
      "d_L": 673.5407773742486,
      "N": 4,
      "L_c": 3838.0425857108935,
      "mse": 0.00022024145993101605,
      "mae": 0.003691220753158154,
      "max_abs_error": 0.1046906565898098,
      "correlation": 0.34124882970606274,
      "spectral_overlap": 0.3810997813113236,
      "target_peak_count": 1,
      "pred_peak_count": 0,
      "missing_peak_count": 1,
      "false_peak_count": 0,
      "mean_peak_shift": NaN,
      "mean_peak_transmission_error": NaN,
      "mean_fwhm_error": NaN,
      "mean_q_error": NaN,
      "optimizer_best_mse": 0.00022024146164767444,
      "success": null,
      "message": ""
    },
    {
      "method": "random",
      "target_index": 29774,
      "calls": 240,
      "elapsed_seconds": 59.35928392410278,
      "d_H": 303.1259259075629,
      "d_L": 835.3585456422937,
      "N": 8,
      "L_c": 4011.746291598464,
      "mse": 0.00390926298363423,
      "mae": 0.029604575428215353,
      "max_abs_error": 0.2806972265240219,
      "correlation": 0.7643112656980385,
      "spectral_overlap": 0.8084091214272193,
      "target_peak_count": 2,
      "pred_peak_count": 3,
      "missing_peak_count": 1,
      "false_peak_count": 2,
      "mean_peak_shift": 2.001953125,
      "mean_peak_transmission_error": 0.16170796751976013,
      "mean_fwhm_error": 6.884519688471194,
      "mean_q_error": 10.087753840467101,
      "optimizer_best_mse": 0.003909262828528881,
      "success": null,
      "message": ""
    },
    {
      "method": "random",
      "target_index": 29958,
      "calls": 240,
      "elapsed_seconds": 56.054895877838135,
      "d_H": 190.17119432327087,
      "d_L": 567.0922465062737,
      "N": 7,
      "L_c": 4782.421149417267,
      "mse": 0.017643992306122194,
      "mae": 0.06100117351686878,
      "max_abs_error": 0.6342483460903168,
      "correlation": 0.5774163349097889,
      "spectral_overlap": 0.6461326732378266,
      "target_peak_count": 3,
      "pred_peak_count": 3,
      "missing_peak_count": 1,
      "false_peak_count": 1,
      "mean_peak_shift": 17.016845703125,
      "mean_peak_transmission_error": 0.2009090632200241,
      "mean_fwhm_error": 56.23723342055894,
      "mean_q_error": 200.94047378304307,
      "optimizer_best_mse": 0.017643991857767105,
      "success": null,
      "message": ""
    },
    {
      "method": "random",
      "target_index": 30639,
      "calls": 240,
      "elapsed_seconds": 58.844043016433716,
      "d_H": 198.9742073087337,
      "d_L": 1100.576599033842,
      "N": 3,
      "L_c": 3207.077012138845,
      "mse": 0.0013515295967330612,
      "mae": 0.016378065236813653,
      "max_abs_error": 0.20540522504597902,
      "correlation": 0.9753665477915062,
      "spectral_overlap": 0.9806036723333178,